{"\u6df1\u5733": [22.5445741, 114.0545429],
  "null": [44.933143, 7.540121],
  "\u6b66\u6c49": [30.5951051, 114.2999353],
  "\u6fee\u9633": [35.7411525, 115.0184253],
  "\u5408\u80a5": [31.8665676, 117.281428],
  "\u65e0\u9521": [31.5776626, 120.2952752],
  "\u53a6\u95e8": [24.4801069, 118.0853479],
  "\u82cf\u5dde": [31.3016935, 120.5810725],
  "\u5170\u5dde": [36.474436, 103.733224],
  "\u73e0\u6d77": [22.273734, 113.5721327],
  "\u4f5b\u5c71": [23.0499845, 113.0983795],
  "\u90d1\u5dde": [34.7533392, 113.6599983],
  "\u868c\u57e0": [32.958864500000004, 117.31423463611588],
  "\u6cc9\u5dde": [25.1901863, 118.338717], "\u829c\u6e56": [31.1800568, 118.2141777], "\u6f33\u5dde": [24.2388257, 117.4524304], "\u4e34\u6c82": [35.1032403, 118.3506988], "\u6606\u660e": [25.0363006, 102.7086139], "\u6210\u90fd": [30.7001324, 104.0708278], "\u4e2d\u5c71": [22.5196895, 113.3870834], "\u9752\u5c9b": [36.0637967, 120.3192081], "\u5357\u5b81": [22.8193063, 108.3627211], "\u676d\u5dde": [30.2489634, 120.2052342], "\u592a\u539f": [37.870009, 112.5452739], "\u5eca\u574a": [39.5302055, 116.6926134], "\u897f\u5b89": [34.261004, 108.9423363], "\u5a01\u6d77": [37.5120997, 122.1152599], "\u77f3\u5bb6\u5e84": [38.0429742, 114.5088385], "\u5e7f\u5dde": [23.1301964, 113.2592945], "\u6c88\u9633": [41.8026095, 123.4279105], "\u5609\u5174": [30.7474425, 120.7510971], "\u4e4c\u9c81\u6728\u9f50": [43.419754, 87.319461], "\u4e1c\u839e": [23.0205969, 113.7457788], "\u4fdd\u5b9a": [38.8579735, 115.490696], "\u6d4e\u5357": [36.6705337, 116.985375], "\u798f\u5dde": [26.0774954, 119.2918215], "\u5b81\u6ce2": [29.8622194, 121.6203873], "\u957f\u6c99": [28.1450774, 113.2384362], "\u6e29\u5dde": [27.9963899, 120.695345], "\u4e34\u6ca7": [23.88848, 100.0879344], "\u76d0\u57ce": [33.349559, 120.1577019], "\u7ef5\u9633": [31.4602714, 104.7160723], "\u547c\u548c\u6d69\u7279": [40.8304267, 111.6587169], "\u5357\u4eac": [32.0438284, 118.7788631], "\u53f0\u5dde": [28.6581723, 121.4163876], "\u5357\u660c": [28.6472124, 116.0348483], "\u961c\u9633": [32.91667, 115.8639622], "\u6dc4\u535a": [36.819626, 117.980675], "\u5357\u901a": [31.9827896, 120.8904588], "\u60e0\u5dde": [23.1539233, 114.4104932], "\u8fde\u4e91\u6e2f": [34.5933134, 119.2171662], "\u6e2d\u5357": [34.6806136, 105.655699], "\u4e1c\u8425": [37.4334738, 118.6689349], "\u90af\u90f8": [36.6107711, 114.4857072], "\u6986\u6797": [38.2851657, 109.7290619], "\u5b9c\u5bbe": [28.58689, 104.718661], "\u671d\u9633": [41.5754767, 120.4390738], "\u9102\u5c14\u591a\u65af": [39.6081457, 109.7763659], "\u94dc\u4ec1": [27.7347312, 109.1852081], "\u5f90\u5dde": [34.2665258, 117.1810431], "\u6dee\u5317": [33.8828964, 116.8956232], "\u94dc\u9675": [30.9474585, 117.805068], "\u897f\u5b81": [36.824463, 101.440811], "\u70df\u53f0": [37.461928, 121.4425255], "\u94f6\u5ddd": [38.4852037, 106.2261926], "\u90a2\u53f0": [37.0692045, 114.4861618], "\u5927\u8fde": [38.9181714, 121.6282945], "\u6c60\u5dde": [30.6671088, 117.4859885], "\u5b9c\u660c": [30.694088, 111.2803074], "\u6cf0\u5dde": [32.4579729, 119.9181174], "\u6dee\u5357": [32.5866826, 117.0130019], "\u957f\u6625": [43.9088384, 125.3177297], "\u8302\u540d": [21.6656961, 110.9209511], "\u54c8\u5c14\u6ee8": [45.7593633, 126.6276177], "\u6cb3\u6e90": [24.1014769, 115.0577538], "\u7126\u4f5c": [35.1375, 113.143889], "\u5fb7\u9633": [27.5817305, 89.0920666], "\u682a\u6d32": [27.049812, 113.55087], "\u6cf8\u5dde": [28.5297899, 105.5382725], "\u8861\u6c34": [37.7364305, 115.6677229], "\u6dee\u5b89": [33.5524785, 119.1075773], "\u6d1b\u9633": [34.6196539, 112.4477046], "\u978d\u5c71": [40.822222, 122.8275], "\u91d1\u534e": [29.1080344, 119.6486487], "\u6ee8\u5dde": [37.3821206, 117.9647262], "\u6842\u6797": [25.238704, 110.1750728], "\u6cf0\u5b89": [36.2002968, 117.0809316], "\u9f50\u9f50\u54c8\u5c14": [47.7363891, 124.6567611], "\u8087\u5e86": [23.0501661, 112.4603629], "\u5927\u5e86": [46.3240228, 124.5598093], "\u4e50\u5c71": [29.2233495, 103.5966083], "\u5409\u5b89": [27.0937349, 114.961355], "\u767d\u94f6": [36.536461, 104.784953], "\u6f2f\u6cb3": [33.688056, 113.913056], "\u5546\u6d1b": [33.8678555, 109.9353876], "\u5cb3\u9633": [29.060703, 113.348653], "\u5305\u5934": [40.6174777, 109.944912], "\u5b89\u5e86": [30.6592336, 116.6302585], "\u664b\u57ce": [35.4913132, 112.8454497], "\u9e64\u58c1": [35.7494986, 114.2912899], "\u54b8\u9633": [34.3323227, 108.7128495], "\u6c5f\u95e8": [22.5816619, 113.0761073], "\u9075\u4e49": [27.7254142, 107.0269573], "\u8425\u53e3": [40.6747155, 122.2357736], "\u90f4\u5dde": [25.7733598, 113.0094337], "\u5927\u540c": [40.0919817, 113.2951122], "\u5510\u5c71": [39.6295951, 118.1738712], "\u79e6\u7687\u5c9b": [39.9395724, 119.5894129], "\u6c55\u5934": [23.3563921, 116.6775856], "\u516d\u5b89": [31.7383487, 116.5142252], "\u5e86\u9633": [35.7106146, 107.6384287], "\u6d77\u53e3": [20.0462328, 110.1956502], "\u6d4e\u5b81": [35.392788, 116.5957017], "\u664b\u4e2d": [37.6866796, 112.7383414], "\u97f6\u5173": [24.8136095, 113.5922116], "\u5ba3\u57ce": [30.9412541, 118.7540167], "\u4e34\u6c7e": [36.229963, 111.381767], "\u9ec4\u5188": [30.4560187, 114.8673226], "\u666f\u5fb7\u9547": [29.2712774, 117.1727822], "\u5f20\u5bb6\u53e3": [40.8171433, 114.8782861], "\u6ca7\u5dde": [25.9791098, 117.9665497], "\u6e56\u5dde": [30.8942995, 120.0851114], "\u5f00\u5c01": [34.604167, 114.497222], "\u9a7b\u9a6c\u5e97": [33.0115818, 114.0164565], "\u901a\u8fbd": [43.6151762, 122.2601035], "\u8944\u9633": [32.010998, 112.1163785], "\u514b\u62c9\u739b\u4f9d": [45.2026227, 84.8531064], "\u5e38\u5fb7": [29.034552, 111.6928724], "\u4eb3\u5dde": [33.8490794, 115.7730968], "\u5e73\u9876\u5c71": [33.7374744, 113.2981436], "\u94a6\u5dde": [21.9647835, 108.620787], "\u5b9d\u9e21": [22.529, 108.915], "\u67a3\u5e84": [32.6540097, 115.4200458], "\u9633\u6cc9": [38.0935972, 113.5265601], "\u6e05\u8fdc": [23.6832984, 113.0505994], "\u6f4d\u574a": [36.7071591, 119.1557441], "\u9ed1\u6cb3": [49.249879, 127.11731], "\u6f6e\u5dde": [23.656593, 116.6204223], "\u5bbf\u8fc1": [33.9644701, 118.2696994], "\u4e39\u4e1c": [40.5791477, 124.4407146], "\u4e91\u6d6e": [22.9173703, 112.0396246], "\u4e3d\u6c5f": [26.8595868, 100.2249797], "\u5b89\u9633": [36.1023552, 114.33633], "\u5e7f\u5b89": [30.4593051, 106.6286646], "\u4e0a\u9976": [28.4582821, 117.9381305], "\u6ec1\u5dde": [32.1999745, 118.3149427], "\u8d44\u9633": [30.1236535, 104.6477717], "\u96c5\u5b89": [29.8931184, 102.7416508], "\u5bbf\u5dde": [33.6190842, 116.9360442], "\u9547\u6c5f": [32.1891959, 119.4200069], "\u9647\u5357": [33.3721445, 104.9572932], "\u6cb3\u6c60": [24.487992, 108.6325239], "\u8fd0\u57ce": [35.218039, 111.053715], "\u8d35\u9633": [26.559901, 106.6987409], "\u67f3\u5dde": [25.0009993, 109.3414252], "\u4e09\u4e9a": [18.2986924, 109.4886823], "\u5a04\u5e95": [27.6995215, 111.9890658], "\u5357\u5145": [31.210219, 106.231735], "\u65b0\u4e61": [35.308611, 114.051111], "\u626c\u5dde": [32.3968554, 119.4077658], "\u65b0\u4f59": [28.6023456, 117.7592461], "\u81ea\u8d21": [29.2995746, 104.6928392], "\u846b\u82a6\u5c9b": [40.7515443, 120.8404789], "\u5357\u5e73": [27.3856975, 118.0753196], "\u957f\u6cbb": [36.1830167, 113.0992929], "\u5f20\u6396": [39.121833, 99.924947], "\u629a\u987a": [41.8011658, 124.7459491], "\u8861\u9633": [26.9729743, 112.365024], "\u8d64\u5cf0": [43.2564906, 118.9759212], "\u629a\u5dde": [27.9511188, 116.3530413], "\u7ee5\u5316": [46.880466, 126.808707], "\u6c55\u5c3e": [23.0123639, 115.5099937], "\u63ed\u9633": [23.553156, 116.3680354], "\u4e09\u660e": [26.3355765, 117.442474], "\u4e5d\u6c5f": [29.388607, 115.3820227], "\u6c49\u4e2d": [33.171124, 107.045009], "\u4e09\u95e8\u5ce1": [34.4228647, 111.0489969], "\u547c\u4f26\u8d1d\u5c14": [49.2125235, 119.7370167], "\u5b9c\u6625": [27.81697, 114.4112498], "\u56db\u5e73": [43.1669821, 124.364739], "\u8bb8\u660c": [34.147778, 113.714722], "\u8862\u5dde": [28.9270213, 118.8761197], "\u4f73\u6728\u65af": [47.02157, 132.044137], "\u4e4c\u6d77": [39.4857837, 106.900469],